member_no,login_name,given_name,surname,pw,state,frozen_until,billing,settings,joined,contact_email,contact_email_status,contact_mobile,contact_country_iso,contact_mobile_status
FL-100200,,Devonte,Greenfelder,$pbkdf2-sha256$29000$YUF8Fu6OZS3r6R3k3jHfRA$25kd9gDWnE8BLK8Vrvdc2EF9aAM05A6dU/Ckgc2zPVQ,frozen,2026-11-01,"{""stripe_id"":""cus_9qq2qrJOsMl3lV"",""seats"":20}",,2025-09-09T09:49:33.796+02:00,devonte.greenfelder1@example.com,confirmed,,,
FL-100213,,Efrain,Sipes,$pbkdf2-sha256$29000$aLT/247duv1SEW7N73xerw$nFt4DZLB/SIHi/ZYL0JQlFY4BHNUYCI3dLBZs004e4A,active,,"{""stripe_id"":""cus_QXIlnbobNrbN63"",""seats"":30}",,2025-04-01T11:57:45.781+02:00,efrain.sipes2@example.com,pending,07151 462689,GB,confirmed
FL-100226,,,,,active,,"{""plan"":""plus""}",,2021-06-09T12:00:02.219+02:00,margret.mitchell3@example.com,confirmed,,,
FL-100239,,Johnny,,$pbkdf2-sha256$29000$ztyn5bxv2SgJDOE6Stnb2g$kS5/i89.Z6W2Vk1Ns5DKOeIHlLE4SH2ZYV06wR1q6f8,active,,"{""plan"":""max"",""stripe_id"":""cus_NzPom0NQCw0ejS""}",,2026-01-01T07:03:51.378+02:00,,,01517 4866991,DE,confirmed
FL-100252,,Lilian,Smitham,$2y$10$XJiBYxRcx7v6KuyrPlg8NekiJiHK9mQcPvsy6.VI9AYSTPoY2W8tS,frozen,2026-11-05,"{""plan"":""max""}",,2023-06-15T12:16:41.798+02:00,lilian.smitham5@example.com,confirmed,,,
FL-100265,,,,$pbkdf2-sha256$29000$yaK.xf1VHdqsdqW.flvWrw$jwIMvLNQfYJWCHgA5KMGNLRTXlbYLR2IAa38IpcXMCw,frozen,2026-11-06,,"{""theme"":""light""}",2024-04-16T00:04:22.226+02:00,kadin.kuhlman6@example.com,confirmed,,,
FL-100278,eula_effertz,Eula,Effertz,,active,,"{""stripe_id"":""cus_PrSFoK6Bn7KXAE"",""seats"":30}","{""theme"":""dark"",""language"":""en""}",2022-09-16T05:58:54.862+02:00,eula.effertz7@example.com,confirmed,,,
FL-100291,,,,$pbkdf2-sha256$29000$32Tp2LbxYrT6jeHuaR6B2w$cufASzONhNdUrxHOfUADi/t9YmQ5OWsfAZG3LkHYfzc,active,,"{""plan"":""basic""}",,2022-12-30T19:57:38.844+02:00,esmeralda.bernhard8@example.com,confirmed,,,
FL-100304,,,,$pbkdf2-sha256$29000$v98MTXfHLFgKcWXL3q6pug$dk5Bq9mSRNidBaBFfd5jccpdAb/NZ4ESzZZhOc/ZNJk,active,,"{""plan"":""basic""}",,2023-10-31T21:09:52.026+02:00,,,06 42 56 09 49,FR,confirmed
FL-100317,,Earline,,$2y$10$1coa37.RAZa17LEAd0gdUehNUw7v6E8OOeLN6sAspssIBacBSxEN2,active,,"{""stripe_id"":""cus_W1ZMINw03HRei0"",""seats"":20}",,2021-10-14T01:59:13.437+02:00,earline.jenkins10@example.com,confirmed,,,
FL-100330,daniella_hansen,Daniella,Hansen,$pbkdf2-sha256$29000$ptT6aw9dOiGMEmm63bih/w$miaT95dpD..Zj3lbppPePIBbtFpFrUSY4lOGnCQqF20,active,,,,2025-10-21T04:50:04.247+02:00,daniella.hansen11@example.com,confirmed,,,
FL-100343,,Heath,Crist,,active,,"{""plan"":""plus"",""stripe_id"":""cus_BcZJd21U6gpeOP"",""seats"":4}",,2026-01-12T13:47:27.062+02:00,heath.crist12@example.com,confirmed,,,
FL-100356,,,,$pbkdf2-sha256$29000$utz/nq7aLfVGcw/L9wPqjQ$0lmViv3KYxg/LLF3h2.Ce3QqpMRN2hfy2cVr/ApYHao,active,,,,2025-12-09T16:01:45.100+02:00,,,637 97 15 64,ES,confirmed
FL-100369,triston.wyman,Triston,Wyman,$pbkdf2-sha256$29000$1cXc17kdvwAR7rsvAf/qJw$y287gwXvD/WHuRVD0u/YhGF3tuPLmBraD.zgzj0P98A,active,,"{""stripe_id"":""cus_3K4GXLnPnRsUpa""}","{""theme"":""light"",""language"":""fr""}",2024-11-15T20:12:31.081+02:00,,,,,
FL-100382,,,,,active,,"{""plan"":""max""}","{""theme"":""light"",""language"":""de""}",2021-04-23T17:14:31.144+02:00,,,352 873 5353,IT,confirmed
FL-100395,,Joshua,Lockman,,active,,"{""stripe_id"":""cus_Glc59hiYjp810b"",""seats"":5}",,2025-06-24T04:06:06.114+02:00,,,06 48400261,NL,confirmed
FL-100408,,Jevon,Brown,$2y$10$XwSzTbtruse8cFMap75ccuC/u7exFl9/Li5KL9fdGvpE8n2AAGf02,active,,"{""plan"":""max""}",,2025-01-28T16:06:45.862+02:00,jevon.brown17@example.com,confirmed,079-835 99 73,SE,confirmed
FL-100421,roman_grant58,Roman,,$pbkdf2-sha256$29000$uy01/T6dnUYbsBLHJ131TA$0vKbN71AlK18EAGT6fva25zeJBQqcs7bPxoQDWimTk0,active,,"{""plan"":""plus"",""stripe_id"":""cus_FMIxdv1gkhhOWs"",""seats"":9}","{""theme"":""light""}",2022-11-08T20:10:54.644+02:00,roman.grant18@example.com,confirmed,,,
FL-100434,,Danielle,,$pbkdf2-sha256$29000$rCVRSK7Q9a3VB/qn6ku5FA$UoKc1PoTx9q03wa6AitD0WVYliNLFqtheo6G4i4OSXc,active,,"{""plan"":""basic"",""stripe_id"":""cus_Av04w0SCO56yI7""}",,2025-04-23T03:32:22.937+02:00,danielle.pollich19@example.com,confirmed,,,
FL-100447,,Sibyl,Gutkowski,,active,,,,2025-11-19T16:52:10.498+02:00,sibyl.gutkowski20@example.com,confirmed,,,
FL-100460,,Monserrat,,$pbkdf2-sha256$29000$YT7eSMJ8PN/Fv06VD/Afew$cAVjDePsh5/0fA15i7L50YOJ7xXySRVGTV8HvKcCrfg,active,,,"{""theme"":""dark"",""language"":""fr""}",2023-04-17T06:18:30.955+02:00,monserrat.wolf21@example.com,confirmed,,,
FL-100473,miller_batz98,Miller,,,active,,"{""stripe_id"":""cus_GMSHPHhu5hyfjq"",""seats"":20}","{""theme"":""light"",""language"":""de""}",2022-09-23T20:46:53.143+02:00,miller.batz22@example.com,confirmed,,,
FL-100486,,Jade,Bogan,$2y$10$IRJvrt9DQ.0caLGcAddOOOecbhY7k4t/dOUdR7LKQ7EA2Fav0/p72,active,,"{""plan"":""max"",""stripe_id"":""cus_wTFi4zGFLDmYrf""}",,2024-06-07T21:38:41.292+02:00,jade.bogan23@example.com,confirmed,,,
FL-100499,,Elmira,Kirlin,$pbkdf2-sha256$29000$EV/eruuvAhi4qv7I5/r/bg$uOR77HvjC2hkQ5AdpMMGVXftTd80CPEa2ZvGoIa82.c,active,,"{""plan"":""basic"",""stripe_id"":""cus_CBwrCYW2qQ5qjr""}","{""theme"":""light"",""language"":""en""}",2021-11-16T07:47:59.619+02:00,elmira.kirlin24@example.com,confirmed,086 486 5723,IE,confirmed
FL-100512,,Myrtle,Paucek,$pbkdf2-sha256$29000$ZePzjLoOw3X5vGf6we2.1g$485Q0yrUkIMwiaM1DcimfxVQcJMwXroZPVeSsTvKZEk,active,,,"{""theme"":""light"",""language"":""fr""}",2021-01-09T04:30:39.688+02:00,myrtle.paucek25@example.com,confirmed,,,
FL-100525,,,,$pbkdf2-sha256$29000$eYDX4F6bBqsTigqx3N3NYQ$IhXxJX4ZtQKo/Pw1oFe8wTn0SBFBI2NF44AOpSWeHMg,active,,"{""plan"":""max"",""stripe_id"":""cus_NKjXrjetKHjRZR"",""seats"":39}","{""theme"":""light""}",2026-01-20T09:06:30.029+02:00,coralie.koss26@example.com,confirmed,,,
FL-100538,,Milo,Larson,$2y$10$LNsfy6/mrsuV0X6JQotwXe1.1AJZDzHpFtSHHzladv0Esfd0B4Wba,active,,"{""plan"":""max""}",,2025-06-12T02:47:22.856+02:00,milo.larson27@example.com,confirmed,,,
FL-100551,,,,,active,,,,2021-05-17T00:41:28.818+02:00,,,(416) 555-0105,CA,confirmed
FL-100564,,Jay,Hessel,$pbkdf2-sha256$29000$qtpjnvqlz8/uf6Aa64mp0Q$7BBIfv1YAXJUsqmdFRSNe3zP5ci9rqPsimyHn8ilCpc,active,,"{""plan"":""max"",""stripe_id"":""cus_ugHCNBGFpSN9GT"",""seats"":13}",,2025-08-15T07:17:26.514+02:00,jay.hessel29@example.com,confirmed,(647) 555-0105,CA,confirmed
FL-100577,,Adam,Kshlerin,$pbkdf2-sha256$29000$/Gb/6vH6q57PGkbKDMX4jQ$Yr3Sd2ebx2qpGVsJv4I8eAV0pH5JVin0urn92BFEmnQ,active,,"{""plan"":""basic"",""stripe_id"":""cus_kw5kuwJmOcpkqh"",""seats"":21}",,2022-12-29T03:10:09.599+02:00,adam.kshlerin30@example.com,confirmed,,,
FL-100590,,Viviane,,$pbkdf2-sha256$29000$/Mrq7RIdMd..wAt7JK2Szw$T2EhqFreSUamr7pZ3Tbc.xI9vdNHq./UsUrbYP0bGzU,closed,,"{""stripe_id"":""cus_9vqKNmgU3pXIME"",""seats"":30}","{""theme"":""dark"",""language"":""de""}",2024-11-26T21:41:07.141+02:00,viviane.zieme31@example.com,confirmed,,,
FL-100603,,Joesph,Fahey,$2y$10$c/hKPjHjLQPGKz9bm0GUbewpoPGKUl4BoltF8sPsd2E.i.0MxoJ3K,closed,,"{""plan"":""max""}",,2025-05-27T18:53:30.527+02:00,joesph.fahey32@example.com,confirmed,,,
FL-100616,,,,$pbkdf2-sha256$29000$oLzOP5B8qR1aLSxcOFO6/Q$ct7ngKgkPsXyDG3abP2d7Ay9BnffhIKVUFz2/LzkVxY,active,,"{""plan"":""plus""}",,2023-11-25T02:15:58.068+02:00,santiago.murray33@example.com,confirmed,(437) 555-0105,CA,confirmed
FL-100629,chad.corwin51,Chad,Corwin,$pbkdf2-sha256$29000$pkzLlN1r1vvi5XGuVM2uKA$C5jgbesF0LqHtqpEkfFsoWVO8oIOBBoadsCwWIbUtTo,active,,"{""plan"":""basic""}","{""theme"":""dark"",""language"":""fr""}",2023-10-05T00:24:39.197+02:00,chad.corwin34@example.com,pending,(905) 555-0105,CA,confirmed
FL-100642,,Whitney,,,active,,,,2026-06-09T21:30:07.578+02:00,,,(604) 555-0105,CA,confirmed
FL-100655,,Francisco,Ward,,active,,"{""plan"":""basic""}",,2024-05-12T23:37:02.609+02:00,francisco.ward36@example.com,confirmed,,,
FL-100668,,,,,active,,,"{""theme"":""dark"",""language"":""en""}",2023-09-28T03:18:16.959+02:00,maryann.bergstrom37@example.com,confirmed,,,
FL-100681,,Sam,Rau,,active,,"{""plan"":""plus""}",,2024-02-28T05:07:45.373+02:00,sam.rau38@example.com,confirmed,,,
FL-100694,jalyn_labadie90,Jalyn,Labadie,$pbkdf2-sha256$29000$sGqvq88A68/Lt63PjRHj/w$tgvgO4ibXIbGuzPm4qh1R8aN9RcNJe8t5Jz1L3KrwxQ,active,,"{""plan"":""max"",""stripe_id"":""cus_Men55pmuKW6Pit""}",,2022-08-14T18:55:25.652+02:00,jalyn.labadie39@example.com,confirmed,,,
FL-100707,orlo.leffler79,Orlo,Leffler,$2y$10$KjIHyLXDDNrujlZtByHEPew8zH.1u9Z2zqeHJ/812hFRSn4ZH8S7a,active,,"{""stripe_id"":""cus_N9X0A6ETiuMtH1""}","{""theme"":""light""}",2024-11-11T10:17:07.952+02:00,orlo.leffler40@example.com,confirmed,(778) 555-0105,CA,confirmed
FL-100720,,,,,active,,"{""plan"":""basic"",""stripe_id"":""cus_R1cY9N3us2oH4E""}","{""theme"":""light""}",2021-01-29T13:05:13.671+02:00,cynthia.keeling41@example.com,confirmed,,,
FL-100733,jeremy.oconnell71,Jeremy,O'Connell,$pbkdf2-sha256$29000$uWT42n34XcnSwMTeutD4Tg$IXlQzWkN2Nzq0OpviuZDmwfdcoIgCARkZTmTKD9c2Ps,active,,,,2023-08-14T04:28:33.660+02:00,jeremy.oconnell42@example.com,confirmed,,,
FL-100746,pierre_bartellkreiger39,Pierre,Bartell-Kreiger,$pbkdf2-sha256$29000$igUoYVwY/v4rp1pN2p0fFg$g8ml1S0Hup9QT43dyi4DFt113Bx9Gwu/wiV2/AMI0CE,active,,,"{""theme"":""dark"",""language"":""de""}",2022-02-23T08:09:18.488+02:00,,,,,
FL-100759,,,,$pbkdf2-sha256$29000$2U8Hf6q8S3aXs2DfekrNzw$BzJjs9NNNbczwYh/Scwtkbx.cwDGOwTN.lMGXzXA5Jk,closed,,"{""stripe_id"":""cus_N0k5QkUyi0BzYY""}","{""theme"":""dark"",""language"":""de""}",2024-01-01T22:31:54.330+02:00,daniel.fadel44@example.com,confirmed,,,
FL-100772,,Parker,Dibbert,$2y$10$6qX6pKzC11JDQ8qPQDJx7.RG7pshwGNnOUtGbb2e.gI8hVLyTVsCO,active,,"{""plan"":""basic"",""stripe_id"":""cus_C0dZJyLUKNcLAc""}","{""theme"":""dark"",""language"":""fr""}",2022-02-13T12:57:45.065+02:00,parker.dibbert45@example.com,confirmed,(514) 555-0105,CA,confirmed
FL-100785,brennan_altenwerth89,Brennan,Altenwerth,$pbkdf2-sha256$29000$a1nNTdn0H7Caulz7pe6Z3w$cv7eJQVide0WeAkSB3KWP/hLkuDdCF8GMa80eLlfvWE,active,,"{""stripe_id"":""cus_OkJ5UCRbe8Ts8E""}",,2025-10-23T04:45:43.859+02:00,,,,,
FL-100798,,Elnora,Langworth,$pbkdf2-sha256$29000$2pJQbsbxJ1aVigTs77vh3w$NUhQY4YQ.28YaOPKBRN5nGeFHR01b/9sONmDgqgAMfU,active,,"{""stripe_id"":""cus_KuZ7gCxUEKNLk4"",""seats"":24}","{""theme"":""light""}",2025-01-16T18:41:26.901+02:00,elnora.langworth47@example.com,confirmed,(438) 555-0105,CA,pending
FL-100811,,Horace,,$pbkdf2-sha256$29000$8d6iOz0nnoHbHlXyMk3Pzw$7nJM5EMn0LRlaFZZ7I7Bu5.G3QSGq/U2qQRBVCULyzY,active,,"{""plan"":""basic""}",,2021-03-26T05:50:51.262+02:00,horace.wilkinson48@example.com,confirmed,(212) 555-0105,US,confirmed
FL-100824,,Audra,Marks,,active,,"{""plan"":""basic""}",,2021-09-14T10:52:09.646+02:00,audra.marks49@example.com,confirmed,,,
FL-100837,,,,$2y$10$Qf1r1cnm8yjOwu.40iXaoevv6uW3VRGR67uknwXSaCgR0IWlx/aRS,active,,"{""stripe_id"":""cus_pweauaMwfzsnqt""}",,2026-01-31T10:39:44.644+02:00,,,(646) 555-0105,US,confirmed
