account_ref,id1_kind,id1_value,id1_region,id1_confirmed_at,id1_primary,id2_kind,id2_value,id2_region,id2_confirmed_at,id2_primary,id3_kind,id3_value,id3_region,id3_confirmed_at,id3_primary,id4_kind,id4_value,id4_region,id4_confirmed_at,id4_primary,person_given,person_family,secret_scheme,secret_rounds,secret_salt,secret_digest,attrs,flags,ts_created
acct_4d2n99vmhg,email,victoria.kemmer1@example.com,,2024-10-12T01:37:53.231Z,true,,,,,,,,,,,,,,,,Victoria,,,,,,"{""plan"":""growth"",""locale"":""en-US"",""theme"":""dark""}",,1698921038662
acct_qzlb5aingl,email,napoleon.collins2@example.com,,2024-07-20T21:22:49.746Z,true,,,,,,,,,,,,,,,,Napoleon,Collins,argon2id,,,"$argon2id$v=19$m=65536,t=2,p=1$8OHj6kB2MCLt/BskEe7AjjFYJO9sUI85C1VizBhW4vI$QY3SNdp6vfgry5T9l2JuSehvQNH1kYDHG2izFieJ61E","{""plan"":""scale"",""stripe_customer"":""cus_5kba9RS5hV0dTH"",""risk"":""medium""}",locked|beta,1692408383992
acct_m72kufhh0l,sms,07985 685347,GB,2025-05-11T00:54:13.789Z,true,,,,,,,,,,,,,,,,Alexandro,Dibbert,argon2id,,,"$argon2id$v=19$m=65536,t=2,p=1$sk/Falt56Fa/A9DZtEBRU9n6ZMh/z3iqduoagEzzK9M$J09zkyO/rk9/jZgdLVtUAYRK8fvToJMAYRIUKSA4eDY","{""plan"":""starter"",""locale"":""fr-CA"",""theme"":""dark"",""stripe_customer"":""cus_xR78k2jnaxi47C"",""internal_notes"":""Repudiandae congregatio tubineus unus sui deduco alienus cubo arx appono."",""risk"":""high""}",,1723411377831
acct_xah0gyfce0,email,monique.kling4@example.com,,2026-08-26T20:29:09.919Z,true,,,,,,,,,,,,,,,,Monique,Kling,pbkdf2-sha256,100000,6kJBurn4eiP16ljP,oydnrZRV+TK0EzZmbCGIVd+LVJQby910oTeMk2ipces=,"{""plan"":""starter"",""theme"":""dark"",""stripe_customer"":""cus_jtR2VPSUAM26Tg"",""risk"":""medium""}",locked|beta,1759929575593
acct_9njfgn6xid,email,zackary.lakin5@example.com,,2025-05-08T16:34:30.485Z,true,sms,01515 9477869,DE,2024-07-17T17:40:25.382Z,false,,,,,,,,,,,,,argon2id,,,"$argon2id$v=19$m=65536,t=2,p=1$Q0P2ku7MmrSUim3BGMHCFcNs4PxkGfFohQEmuoqZ/DM$o6x0r6UsZsUOUu59nxZ+UATFGTxss24pBxqD7Ly3Jr4",,,1674955911684
acct_y6u45bj9l7,sms,06 99 67 41 60,FR,2026-04-20T01:39:40.437Z,false,email,trisha.lowe6@example.com,,,true,,,,,,,,,,,,,argon2id,,,"$argon2id$v=19$m=65536,t=2,p=1$313JYjtuAu0St/ftGbabgyLv8EsSEq2xFCkp56Rr0B0$DAuA6hmJdn9f0BFT/nS+VZE7BKxczV6HzeiVLbT2aqA","{""plan"":""starter"",""stripe_customer"":""cus_tu77W7uMnWqhiL""}",,1715910130627
acct_pcshdu4xxg,handle,elroy_tremblay,,,false,sms,611 54 02 97,ES,,false,email,elroy.tremblay7@example.com,,2023-04-08T20:53:23.831Z,true,,,,,,Elroy,Tremblay,pbkdf2-sha256,100000,L04hxrVpiFb4Y5Nv,RhgE3P0TWyKpm8FUA/bTmcAD9aENOrVJzKMYz0ecnBM=,,,1664516621381
acct_sfkf6emef1,sms,323 190 9931,IT,2024-07-22T06:23:55.259Z,true,,,,,,,,,,,,,,,,Syble,Grant,argon2id,,,"$argon2id$v=19$m=65536,t=2,p=1$EaUeBXhxvhkfcJr21pbBHLEc01JANfIeqHmTtVsuqIY$sLaT2TU/rIzbNO2ZeRodSysmlrS9DFg1AxdVN8AOwNY","{""plan"":""starter"",""locale"":""en-CA""}",beta,1718482607746
acct_jxqg4j8ghb,email,mertie.leffler9@example.com,,2024-11-22T08:08:55.518Z,true,,,,,,,,,,,,,,,,Mertie,Leffler,argon2id,,,"$argon2id$v=19$m=65536,t=2,p=1$tCZiaxWJiEFzqIluLvkPDxApszNiZgda3VIWQoKN9Is$2lPU/PTJQTG+jXh7TGhtMzKdG2nFe1dd/hgGZPCoG+g","{""plan"":""scale"",""theme"":""light"",""stripe_customer"":""cus_pVEvOku5jnGiuQ"",""internal_notes"":""Peior cunae tero tempore pax turbo aggero talio vester.""}",locked,1662178009851
acct_piwgmkjbx6,sms,06 27053290,NL,2026-05-03T00:36:05.363Z,true,,,,,,,,,,,,,,,,Alden,Schmitt,pbkdf2-sha256,100000,w9s2y0w3FrxdUdr1,L3SGg0pt6ukPUHj07dAhCfTV0frM63R/EB3cl6LAu7Y=,"{""stripe_customer"":""cus_T8LuLiXTj0TbyU"",""internal_notes"":""Tabernus verus adipisci vita deprimo tabula anser tripudio vir.""}",,1711856953522
acct_zhfiitx0p0,email,carter.murphy11@example.com,,2023-04-13T09:52:13.808Z,true,handle,carter.murphy,,,false,,,,,,,,,,,Carter,Murphy,argon2id,,,"$argon2id$v=19$m=65536,t=2,p=1$FVr+WySW+I+NA5tjNYtQbhLk8aP5mQFbrgqu2dYf4Xw$slLxumKyfgU1NixbhbZe/W8U16W0vJzeXfXq7foElBU","{""plan"":""growth"",""locale"":""fr-CA""}",,1624801720025
acct_gky7vqdmtz,handle,susan.hansen65,,,true,,,,,,,,,,,,,,,,Susan,Hansen,argon2id,,,"$argon2id$v=19$m=65536,t=2,p=1$DMxxZnhXn4Xc9hgVBRyNLipwcMXe8EtpRfPq0yvGako$QpGAezKcczJ0ezUikWjrlKmpuTPi+AIPQmMAINHwcC4","{""plan"":""growth"",""locale"":""en-US"",""theme"":""dark""}",,1633483876641
acct_naww40sj6m,sms,076-412 32 50,SE,2024-08-22T19:52:44.842Z,false,handle,ernestine.renner70,,,false,email,ernestine.renner13@example.com,,2023-10-23T18:23:39.994Z,true,,,,,,Ernestine,Renner,pbkdf2-sha256,100000,ol5wkqxR5MWjKthj,WxbggtM0mPjg0olp+MIG84Zt7kL1lXJTX2E84yrhniE=,,,1628824250171
acct_cajam7d0iw,handle,toy.oconner64,,,false,email,toy.oconner14@example.com,,2025-05-16T05:07:38.516Z,true,,,,,,,,,,,Toy,O'Conner,argon2id,,,"$argon2id$v=19$m=65536,t=2,p=1$Fx8DTAmkCZO/X7gaSbOJNPICoiHPxubyIMkInhLMYv8$Z2+zdHNgWaHfb/uPzqy2SG58FfnmHSYujKDj1fpJUT8","{""plan"":""growth"",""locale"":""en-US"",""theme"":""light"",""stripe_customer"":""cus_fMzqaSmKagS37L"",""internal_notes"":""Tero cresco credo aro tergo veniam volo.""}",,1657611875869
acct_mlodtd4bxj,email,lynette.marquardt15@example.com,,2021-10-08T18:34:58.201Z,true,handle,lynette_marquardt,,,false,,,,,,,,,,,Lynette,Marquardt,argon2id,,,"$argon2id$v=19$m=65536,t=2,p=1$GZ58puEOY214Zz38M66MFFtxkOx+F+qOUpyof/32pTk$YTL/Wk9BfvKRWRE6T4t7W50bhOVZT95hzmNv//VjQGc",,,1633488591722
acct_7ubu7kon2m,handle,finn_dooley20,,,true,,,,,,,,,,,,,,,,Finn,Dooley,pbkdf2-sha256,100000,auksSx1LzAwzEcmU,OxxaQ5TN1p6axba/h5b1dYrSz3yhtrsiccnYjNlyXsc=,"{""stripe_customer"":""cus_ycEltcPRNrRy3Q""}",,1727885001520
acct_jm3eybg02w,email,felton.reichel17@example.com,,2025-05-03T13:33:27.145Z,true,handle,felton.reichel,,,false,,,,,,,,,,,Felton,,argon2id,,,"$argon2id$v=19$m=65536,t=2,p=1$8w8id/fzPchc4ci413RmcGyOre8O1ZTcdu0YkhronEI$3MCNK5Y3UV7qoU6w3KMZ3b499H8+4htsfYjXms72Vu8","{""plan"":""growth"",""locale"":""en-US"",""theme"":""dark""}",,1725107079718
acct_r8rbjem6zc,email,emilia.anderson18.alt@example.org,,2024-02-26T19:20:23.109Z,false,email,emilia.anderson18@example.com,,2021-09-16T11:21:44.462Z,true,,,,,,,,,,,Emilia,,argon2id,,,"$argon2id$v=19$m=65536,t=2,p=1$t1ku2+c0CQ6MClmeXADdbB7ODIK917eIVCTrEHTB8hE$O1TBwSqh/XyqlQtC0NMjofYqf5nQcyqix8RPpu28mUg","{""plan"":""growth"",""locale"":""fr-CA"",""stripe_customer"":""cus_6TWbbAE8iGfo4m"",""internal_notes"":""Ducimus claro villa."",""risk"":""high""}",,1629454537915
acct_yq5khxfy8n,email,don.von19.alt@example.org,,,false,email,don.von19@example.com,,2025-09-14T02:21:29.141Z,true,,,,,,,,,,,Don,Von,pbkdf2-sha256,100000,fdFAnCWMbBuIlnDv,JLUwkBJ713LZpHNqFgNY7uE5JPzn6pJabKS9BU3C/jM=,"{""stripe_customer"":""cus_9drlI0wOZZxjix"",""internal_notes"":""Appositus architecto delego sit crur tot custodia cur dolor."",""risk"":""medium""}",,1670658322409
acct_7cjwlutg82,email,myra.schiller20.alt@example.org,,2024-04-29T11:18:35.889Z,false,email,myra.schiller20@example.com,,2024-05-18T22:13:49.497Z,true,,,,,,,,,,,Myra,Schiller,argon2id,,,"$argon2id$v=19$m=65536,t=2,p=1$NkNjF0d3NiABWFZo/ykwNuYnLRgRmTLmXeU5sfalZdw$hpLTDNdYZQ2LjflAy7pVe1TPdIH+0cjCNtvWlIxaDG4","{""plan"":""scale"",""theme"":""light"",""stripe_customer"":""cus_2WraEi0DTZGxUU""}",,1674225926168
acct_ekbkqbgzas,email,owen.beatty21.alt@example.org,,,false,email,owen.beatty21@example.com,,2021-09-16T13:45:35.128Z,true,,,,,,,,,,,Owen,Beatty,argon2id,,,"$argon2id$v=19$m=65536,t=2,p=1$w7Rt8E4wKPeM+ps+q/epzJ2J9AIvFdivdMw0vtD1X2E$t89H8FSgU5avsofdihGtaHFQux2SHQknmzVbOksawj8","{""plan"":""growth"",""theme"":""light"",""stripe_customer"":""cus_dkZW0kmLGfu0wj"",""risk"":""low""}",,1616076979646
acct_ng2wyb73bd,handle,gabe_tremblay99,,,false,email,gabe.tremblay22@example.com,,,true,sms,089 345 0833,IE,2025-10-11T01:47:20.696Z,false,,,,,,Gabe,Tremblay,pbkdf2-sha256,100000,78aVJQIxviSIdyqv,BAj7Qjzk945uYYFKEEKG9RtQ4fjX24hiowddWMTkDlE=,"{""plan"":""growth"",""locale"":""en-CA"",""stripe_customer"":""cus_qJfj9EGg3X3FmJ""}",,1713884655026
acct_k34rymx2m9,sms,(416) 555-0103,CA,2026-04-18T23:36:17.183Z,true,,,,,,,,,,,,,,,,,,,,,,"{""stripe_customer"":""cus_wnWcEH3vy2NpkH"",""internal_notes"":""Adsuesco astrum impedit similique nihil consectetur coepi a valetudo trucido."",""risk"":""low""}",,1737046033748
acct_udpcwjdcgz,email,johan.thielhaag24@example.com,,2024-08-07T04:37:21.665Z,true,sms,(647) 555-0103,CA,2023-01-17T18:08:23.942Z,false,,,,,,,,,,,Johan,Thiel-Haag,argon2id,,,"$argon2id$v=19$m=65536,t=2,p=1$3KB0+vyomCpT/WRwCUKeYh4kFjKl+CyPQw8b1DiTWB0$DORRX3f9XxzIS/aiIM1yhpQFZVYRtrLpVjHNrqHZ9kA",,,1643679963304
acct_l9i1etxsgz,email,samir.kunze25@example.com,,2026-02-07T20:46:59.720Z,true,,,,,,,,,,,,,,,,,,argon2id,,,"$argon2id$v=19$m=65536,t=2,p=1$s8qUalAYdLRj2hRuulgOH23HUJhwABmwyEHZY9wEYdY$rP4lDM78KKXeWnYv4A4myU8H6KPTN4GOrhxyKk7Z1Is","{""plan"":""scale"",""stripe_customer"":""cus_1qlXzRtVFsq461"",""internal_notes"":""Distinctio amplitudo aiunt."",""risk"":""low""}",,1767241822289
acct_uhq6ki8f4h,handle,elva_bahringer93,,,false,email,elva.bahringer26@example.com,,2024-05-06T12:11:12.077Z,true,,,,,,,,,,,Elva,Bahringer,pbkdf2-sha256,100000,8EcZp8R9DqNvtwKi,J52mISBkGEv3PXoDEvqIzdyUbRFPs7ar5OOUdlNPLpU=,"{""plan"":""starter"",""locale"":""fr-CA"",""theme"":""light""}",,1626697062218
acct_z51e92mkra,email,angelina.bashirian27@example.com,,2026-02-17T05:21:50.548Z,true,sms,(437) 555-0103,CA,,false,,,,,,,,,,,Angelina,Bashirian,argon2id,,,"$argon2id$v=19$m=65536,t=2,p=1$qRc9IO/KCMnL/TmfUA9t77SHRctVTY2TCgi0MjT16Co$zv0QGsB1mcW/uQEW04EC0+LpDo917VE7OnyFAdd1o7k",,,1762907837581
acct_37vuxkuyt7,email,pamela.dooley28@example.com,,2026-08-17T23:04:04.250Z,true,sms,(905) 555-0103,CA,2026-06-22T03:04:47.586Z,false,handle,pamela_dooley,,,false,,,,,,Pamela,Dooley,argon2id,,,"$argon2id$v=19$m=65536,t=2,p=1$GPsBKqWA+XGVByl9OmbkRKTm4mv3aO9kg6o1S66l73s$8yZYcScSDsYfF4DfgBjALKJMcJMVn1fOYmtK/feSyXI",,,1750992694805
acct_hh9ikx98cq,email,shaun.koch29@example.com,,2025-04-29T09:54:35.003Z,true,,,,,,,,,,,,,,,,,,pbkdf2-sha256,100000,A4EDhPEpItf4Smhk,XC2vNvBTVy/8Ilw/R22Vyg7dp8rxNOlgO6l4ipByI1w=,"{""stripe_customer"":""cus_SZzMQs5jJipuSK"",""internal_notes"":""Placeat clibanus degusto derideo tenetur arbor verecundia balbus asperiores verus.""}",,1636802897145
acct_4rznt99n1h,email,rigoberto.padberg30@example.com,,2026-05-08T04:21:38.027Z,true,,,,,,,,,,,,,,,,Rigoberto,Padberg,argon2id,,,"$argon2id$v=19$m=65536,t=2,p=1$rVcKlwCWiVvFJN3uLdhM6VqD6JJOq6+lP6INJSVB5tk$IuDMbjL5szesR4TRHM3p7N/7YVup+1vQ7rKnPvmkgdw","{""plan"":""scale"",""stripe_customer"":""cus_vBqoLwKZ9RXYgE"",""internal_notes"":""Votum deinde commemoro una video utrum quo harum tego cunabula.""}",,1751495689962
acct_fpeu43pswb,sms,(604) 555-0103,CA,2024-07-04T13:03:53.936Z,true,,,,,,,,,,,,,,,,,,,,,,"{""plan"":""growth"",""locale"":""fr-CA"",""theme"":""dark""}",,1708660228709
acct_32csif5vxh,email,emerson.glover32@example.com,,2025-09-05T19:30:54.603Z,true,,,,,,,,,,,,,,,,,,,,,,"{""plan"":""growth"",""theme"":""light"",""stripe_customer"":""cus_9OmxqE9VQIS90f"",""risk"":""medium""}",beta,1716791000285
acct_66az5pcmkb,email,lucie.abernathyupton33@example.com,,2021-08-09T01:31:23.905Z,true,,,,,,,,,,,,,,,,Lucie,Abernathy-Upton,,,,,"{""plan"":""starter"",""locale"":""en-US"",""theme"":""light"",""stripe_customer"":""cus_vW8BoCpvrRiDME""}",beta,1609872968101
acct_gay4yvq9u1,email,florencio.hamill34@example.com,,2026-03-24T05:16:21.905Z,true,,,,,,,,,,,,,,,,Florencio,Hamill,argon2id,,,"$argon2id$v=19$m=65536,t=2,p=1$rao7UXZHrsgatPjWA708wgbL10b1jcPo3DlPhRKNFuQ$eImS1NWwff7UrjNQV7W9D30J73YhlaRovJNktCLoXSM","{""stripe_customer"":""cus_701BGyO0dut5ag"",""internal_notes"":""Aperiam accusator sumo speciosus corona voluptate nesciunt.""}",,1758700021949
acct_e0frvv43pu,sms,(778) 555-0103,CA,2022-05-15T18:30:19.051Z,true,,,,,,,,,,,,,,,,Grady,Smitham,,,,,"{""plan"":""growth""}",,1620972359709
acct_tk8cyahxg3,email,kay.corwin36@example.com,,2024-05-27T15:06:52.299Z,true,,,,,,,,,,,,,,,,,,,,,,"{""stripe_customer"":""cus_Ru3IbemfeVoMyu"",""risk"":""high""}",,1692023465517
acct_ogs0jsb7d8,email,annabell.koss37@example.com,,2026-05-30T18:04:48.172Z,true,,,,,,,,,,,,,,,,Annabell,Koss,,,,,"{""plan"":""scale"",""stripe_customer"":""cus_e9fiP4gCIv3NV3"",""internal_notes"":""Patruus capillus succurro stillicidium verbera advoco tremo.""}",,1768235080025
acct_e9egat6k8v,sms,(514) 555-0103,CA,2026-06-21T09:48:10.111Z,true,,,,,,,,,,,,,,,,Jose,Powlowski,pbkdf2-sha256,100000,bIdtQsm0SuPEh9lz,/ARi/+HfPxSQVNfPhGSNakTEx6tbLDMflfiJiG7t1fE=,"{""stripe_customer"":""cus_jWKwCiioDC1N5G"",""internal_notes"":""Amaritudo ambulo desipio coaegresco decimus bestia valde caritas.""}",beta,1781163478595
acct_vo9481yq24,email,karson.feil39@example.com,,2022-07-26T02:33:02.331Z,true,,,,,,,,,,,,,,,,Karson,Feil,argon2id,,,"$argon2id$v=19$m=65536,t=2,p=1$8L46XI8YvLKKat3j+2oI4hjML2AgjpnPYZmgP6HF9X8$g7USM2aOfQGp/NOMCbWT+gUEhoaXbj/d7ZTStPq30rc","{""plan"":""scale"",""locale"":""en-US"",""theme"":""dark""}",,1628373182758
acct_xc6o1sslxz,handle,eldred.roberts61,,,false,email,eldred.roberts40@example.com,,2025-03-15T09:24:47.229Z,true,,,,,,,,,,,Eldred,Roberts,,,,,"{""plan"":""scale"",""theme"":""dark""}",,1705291667413
acct_0cynrhfcc8,email,dominic.ohara41@example.com,,2024-02-14T21:34:54.615Z,true,,,,,,,,,,,,,,,,Dominic,O'Hara,argon2id,,,"$argon2id$v=19$m=65536,t=2,p=1$z0Yv42An6efZxsjIv+FAVXoQGBIDALNpDri31k0V2Ik$bIoZ20F8mGP4q4U/FRa9JifMBZCh/+dQ/nVia7sAV5k","{""stripe_customer"":""cus_FG5EgCXMJ7z08H""}",,1691088539741
acct_wpnvkkjt2j,handle,amani_thompson,,,true,,,,,,,,,,,,,,,,Amani,Thompson,pbkdf2-sha256,100000,yZbuvJk2wZaCVZ19,l0fl5YpYSeVJswQASFXUrSKEDpB+WQipd2xnGjAi8Ys=,,,1726535700850
acct_nb554uqjat,email,rhea.baumbach43@example.com,,2026-07-25T20:32:26.568Z,true,,,,,,,,,,,,,,,,Rhea,Baumbach,,,,,"{""plan"":""starter""}",,1739924337248
acct_090r5mz9hh,email,lizzie.cremin44@example.com,,2025-03-06T12:28:15.037Z,true,,,,,,,,,,,,,,,,,,,,,,"{""plan"":""starter"",""stripe_customer"":""cus_t4NYM11ULcvUGe"",""internal_notes"":""Universe vulnero absum brevis caterva."",""risk"":""high""}",,1719673492569
acct_0cxn3s82gf,sms,(438) 555-0103,CA,2026-05-17T18:53:35.967Z,false,email,jabari.hodkiewicz45@example.com,,2026-03-31T08:41:00.131Z,true,,,,,,,,,,,,,argon2id,,,"$argon2id$v=19$m=65536,t=2,p=1$Qshx7JUxmuGRMg5QYtxfCpttjVZSD5NTwbca2HgRx3g$J3ge6txkV+UjDqfNqhrI4tuGPhMdazY7t3ANZj99MFY","{""plan"":""starter"",""locale"":""en-US""}",,1764687370362
acct_m9z3xwpc3r,sms,(212) 555-0103,US,2025-02-15T08:46:17.367Z,true,,,,,,,,,,,,,,,,Coralie,Hoppe,,,,,"{""plan"":""growth"",""locale"":""en-US"",""stripe_customer"":""cus_muYGOQHYQZHgd5"",""internal_notes"":""Claro civis strenuus excepturi."",""risk"":""medium""}",,1664814711212
acct_72q5z7pmrn,email,bell.murazik47@example.com,,2026-05-25T02:42:53.238Z,true,,,,,,,,,,,,,,,,,,argon2id,,,"$argon2id$v=19$m=65536,t=2,p=1$uRPnnulDHDM93okyndfIiil4/fjV64ied9+C0zaRihw$J3GITgGr5eppmf9jwcziQhBeCuGmJWv0WeMbitB+dkA","{""stripe_customer"":""cus_zv3RMO9xFWmbkv""}",beta,1772268236521
acct_ghm1n7j2b8,email,nasir.kessler48@example.com,,2024-09-29T14:18:00.186Z,true,,,,,,,,,,,,,,,,,,pbkdf2-sha256,100000,j1Vp7UreNVZtks18,NUfeYPwg6pR1LXEsgMYpvc8s/zSKJOmsHwYXxB9HM3Q=,,,1715523755432
acct_qy7d3hiovc,sms,(646) 555-0103,US,2023-06-07T00:42:20.592Z,false,email,rosalee.kozey49@example.com,,2025-07-09T01:10:15.924Z,true,handle,rosalee.kozey25,,,false,,,,,,Rosalee,Kozey,argon2id,,,"$argon2id$v=19$m=65536,t=2,p=1$VQ+W/ERLEa1MkP5uqo+Bp1rawawuMndHCXYcq65XK6g$0EbzkrK85Zk7+ANm+vAklNN0yxp24kXmCcL8lEr4XX0","{""plan"":""growth""}",beta,1627097322397
acct_uc6fo3r75m,email,dedric.bosco50@example.com,,2026-03-27T09:44:21.064Z,true,,,,,,,,,,,,,,,,,,,,,,"{""plan"":""scale"",""theme"":""dark"",""stripe_customer"":""cus_IdlOtKoHuHcGie"",""internal_notes"":""Cuppedia deduco succedo autus delego tenax voco."",""risk"":""low""}",beta,1650811025584
