id,email,email_verified,phone_number,phone_verified,username,first_name,last_name,password_hash,public_metadata,private_metadata,unsafe_metadata,created_at,banned
kh_a69d35a6e0ca03a44ebfdb4c,guido.mccullough1@example.com,true,+447752753111,true,guido_mccullough,Guido,McCullough,$2b$10$URSOgUCIdAQ.N/dU0Jdr0uTrP3uJDDjhMC.7GvMquKvhXTb3n.SHi,{},"{""stripe_customer_id"":""cus_T2rTFOFaHCEWNY"",""signup_source"":""organic""}",{},2024-02-03T12:43:03.173Z,false
kh_413a7ad99373cd4cddc85fe9,ulises.von2@example.com,true,,false,ulises_von,Ulises,Von,$2b$10$suwCikuZnJQF2fvqxSQWj.UEC0lqT4tqPx/uWSb5prluBQHj4R5LW,{},"{""stripe_customer_id"":""cus_TCQ64ljoMQmiZS""}",{},2025-03-11T22:07:33.234Z,false
kh_6baf8a6d24faacd1bc41dd8b,avis.hermann3@example.com,true,,false,avis_hermann65,Avis,Hermann,$2b$10$NiV749T.gki1GN1eNswrJ.gUe8zHWT.4vBkJFKshKXT3JAFOzDCcq,"{""plan"":""free"",""role"":""member""}",{},{},2022-08-10T01:08:19.117Z,false
kh_db41c1e05bf0819ff8e46da1,kelsi.reichel4@example.com,true,,false,,Kelsi,Reichel,$2b$10$wCkL55TaLV5gr6XhN5gJg.jWhcG.MN3HCnVJTdNjvoLq2WEJHcQaq,"{""plan"":""team"",""role"":""admin""}","{""stripe_customer_id"":""cus_Ox8H5ogzo0qT37"",""signup_source"":""referral""}",{},2021-02-28T22:53:22.315Z,true
kh_6c57aed492dfd0c10a0910cb,,false,,false,wilfrid_gleichner,Wilfrid,Gleichner,$2b$10$yto0yRaAfJtB4DlFwfLF7uWkx1SgDHEYv/ik4G4YlDuZxL7/q/NeG,{},{},"{""theme"":""light""}",2025-05-12T00:50:52.292Z,false
kh_faee7fdedfd04df9164bdd5e,nannie.block6@example.com,true,,false,,Nannie,Block,$2b$10$ymuSfVxKEvw8MC1FOX8pduJk7eSN9HYTsnlJ2pni4sLToH35bqWgq,{},"{""stripe_customer_id"":""cus_INKSPbd1yuKbJk"",""signup_source"":""referral""}","{""theme"":""dark""}",2022-11-17T23:54:33.323Z,true
kh_3eeec8e0a54295eaf33f8af0,kenton.stehr7@example.com,true,,false,,Kenton,Stehr,,"{""plan"":""free"",""role"":""admin""}","{""stripe_customer_id"":""cus_hOXOufgWeqOOcR""}","{""theme"":""system"",""onboarding_done"":false}",2021-02-28T22:53:35.858Z,false
kh_3a0efdb1b0a69bbb2ce9894a,cristopher.heller8@example.com,true,+4915171075358,true,,,,$2b$10$wKIOwVKrDvDFY8PrlhgMwO.GBAvRfEDuCtnTLHvhWmsL16kJDpPwu,{},{},{},2024-07-23T11:15:17.522Z,false
kh_3ecf12a0cb5afcde8b27a9ac,,false,+33669075963,true,,Shannon,Konopelski,$2b$10$ZX4PJAsXs2QhaUaFefzeQ.fuUK4FF3G/FSxei9NaJ1pjfUtNkIkTW,{},"{""stripe_customer_id"":""cus_D8RgvQdfcAbiIm"",""signup_source"":""organic""}","{""theme"":""light"",""onboarding_done"":true}",2025-01-05T08:56:21.618Z,false
kh_baf0afa4cdca0acceeb61edd,pauline.ernser10@example.com,false,+34635441135,true,pauline_ernser,Pauline,Ernser,$2b$10$piJD.EijwrZt/1Jr4cFIMuPKhZfh14EQwLCCp76Xlt.JO1Td1Ccqu,{},"{""stripe_customer_id"":""cus_itQpvWk3b2fXJj"",""signup_source"":""referral""}","{""theme"":""system"",""onboarding_done"":true}",2023-06-13T13:20:31.504Z,false
kh_4bee52280581e94bb6cce3ac,,false,+393847636020,true,,Braxton,Feil,$2b$10$uXowOgUXXCbUtVPGD.DWCu8E2mpgl9glAr2lrvbOKtqNeiXhQMsSy,{},{},{},2024-09-02T19:31:23.561Z,false
kh_76f89cdbeabaa10d9bcbf9a9,christine.schaefer12@example.com,true,,false,christine_schaefer,Christine,,$2b$10$S3ljU8kw7/AG6a4aWLF5IODrw4pxEcSIBISw6/PVOAL5kqZhjRY3y,{},"{""stripe_customer_id"":""cus_Th4aHYvzM4QMPm"",""signup_source"":""referral""}",{},2021-06-15T04:55:13.141Z,false
kh_bffffb9ff4aad522dbf7ad24,tevin.rau13@example.com,true,,false,,Tevin,Rau,,"{""plan"":""pro""}","{""stripe_customer_id"":""cus_kBrAsTAPo7ErQ7"",""signup_source"":""organic""}",{},2026-04-24T06:06:46.188Z,false
kh_4e8bbdb6da10d0f65fd933d8,vern.moen14@example.com,true,,false,,,,$2b$10$whhbZ8odKnHLoQgiX00EXu54Imz1JjGo/NmVdMEirwpcbvniBZJkW,"{""plan"":""free"",""role"":""viewer""}","{""stripe_customer_id"":""cus_z4isBPzt32y2Z6"",""signup_source"":""referral""}",{},2024-08-01T05:40:34.717Z,true
kh_ea86cb9eecba7da050bb5c6c,adella.kirlin15@example.com,true,,false,,Adella,Kirlin,$2b$10$xG4Cj/BvnBlK.qq4dHZuKuvhKjQb8JUe7HtDynfDaFeT/rcgccIcu,{},{},{},2022-07-19T03:22:04.097Z,false
kh_986cf2da1b8ccf7b7491908a,,false,+31623661341,true,,,,$2b$10$Wtm3C.BXLP9.jxlZHDwJburytD5YOF5guNKz/O/kLG1LhC4DnSNpu,{},"{""stripe_customer_id"":""cus_8Hk9t7i2nFUwjl"",""signup_source"":""google_ads""}","{""theme"":""system"",""onboarding_done"":false}",2024-11-09T23:10:38.511Z,false
kh_5a4b5dfcc8cdea5be4a97774,stevie.bruen17@example.com,true,,false,,Stevie,Bruen,$2b$10$tAVv6y3UuhcinOZEIZy30.o5YREGN48//sSRQQJ.wJb8eKnhhYcfW,"{""plan"":""pro""}",{},{},2025-08-05T04:47:01.248Z,false
kh_a1bf9e2b823bdf212a6ba5dc,roman.brekke18@example.com,false,+46724798272,true,,Roman,Brekke,$2b$10$MDjiHNBnpmmhTSuLK/1/de4P8qO4.Ni4J4t/9I.PmJwAj.JXBO4Cm,"{""plan"":""free""}","{""stripe_customer_id"":""cus_brWPaNqbBww01D""}","{""theme"":""light""}",2023-06-07T04:52:55.881Z,false
kh_2dcdca6a23aa072de45bd410,elizabeth.wilderman19@example.com,true,,false,,Elizabeth,,$2b$10$r.ASX2ngGrW6tcNiYSrUr.tioAskLJ9SD.Jf59F6JcEg9UWoIHzDy,{},"{""stripe_customer_id"":""cus_YTIdxlaGp2uv5C""}",{},2025-12-05T17:32:16.192Z,false
kh_1f2f64bc4654f02bf9dda8ee,tracey.murray20@example.com,true,+353873404356,true,,Tracey,Murray,$2b$10$c4Hbc4UHlSsdtAC/d306qOxzCUG3yJNRG9x5OQKF/bLYTiEh.V9Zu,{},{},{},2021-07-14T23:37:23.750Z,false
kh_ae6cbac3fdef3406ed976086,rene.glover21@example.com,true,,false,,,,,{},"{""stripe_customer_id"":""cus_Wj9cobKKeVBKes""}","{""theme"":""system""}",2024-03-27T01:28:32.100Z,false
kh_833f9a3a16c9acacebad80ea,stanton.gusikowski22@example.com,false,+14165550101,true,stanton.gusikowski55,Stanton,Gusikowski,$2b$10$.XgZFr2YOqehbssrhqSEN.PPHkBIpAzRh5AV0ZS2agx.vrFnE.g/W,"{""plan"":""pro""}",{},"{""theme"":""light"",""onboarding_done"":false}",2025-04-27T02:25:12.764Z,false
kh_2b9f3de6efaba8079becf376,jeremie.kassulke23@example.com,true,+16475550101,false,,Jeremie,Kassulke,$2b$10$98FBjc52jEFwIvLKqdXXtu8Q01JLXcZ78VhAyrF7suQuVUSn2AhcK,"{""plan"":""pro""}","{""stripe_customer_id"":""cus_2y1WOtIUxeXZh1""}",{},2021-12-27T10:18:13.447Z,false
kh_bf4f2edf2f4b0e3fb21210ec,,false,+14375550101,true,,Aylin,Sanford,,{},{},"{""theme"":""light"",""onboarding_done"":true}",2023-03-07T23:34:43.346Z,false
kh_929bdac9c9dfe33ddb3b84f7,,false,+19055550101,true,,Anahi,Treutel,,"{""plan"":""free"",""role"":""admin""}",{},{},2025-05-10T06:20:59.041Z,false
kh_2edbabefb25bf05e81a614b9,lavonne.witting26@example.com,true,,false,,,,$2b$10$mcmVcVbAC94uoMQAAtX2fO44bb4UFfhKNbjak2Ydj1u5Y47rOsuD2,{},"{""stripe_customer_id"":""cus_HnatC4X7UtDcOd"",""signup_source"":""organic""}","{""theme"":""system"",""onboarding_done"":true}",2025-11-28T17:24:27.691Z,false
kh_d71c7432b41ae3425af7db2c,adah.jacobibatz27@example.com,true,,false,,,,,{},{},{},2022-02-06T21:52:31.394Z,false
kh_efcadda00ec400d0a13fbba9,,false,,false,leann.carter75,Leann,Carter,$2b$10$0teu9LCg9d4UJZUvufot5OZDtJH8Zjcm2F15RUHHOM/Lv/JcmfraK,{},{},"{""theme"":""system"",""onboarding_done"":true}",2024-03-19T17:40:06.308Z,false
kh_3128bf1c2bfab7c2c31d2470,,false,+16045550101,true,,Rebekah,Hamill-Mayert,$2b$10$bSspuaHKKVWqNjPxfr23xeuvMZdPv8Lh6OXmPO5W0D.pFi81Vlace,"{""plan"":""team""}","{""stripe_customer_id"":""cus_Md6thw6gQHGGOb"",""signup_source"":""referral""}","{""theme"":""light""}",2025-01-20T23:50:26.657Z,false
kh_d5fd7dfee32fb8afdf083b1b,reyna.raurussel30@example.com,true,,false,,Reyna,Rau-Russel,,{},"{""stripe_customer_id"":""cus_GkPkNbdADMhI8q""}",{},2024-10-23T06:23:43.702Z,false
kh_c35eefb09e55ca5ccccab0ae,shakira.pacocha31@example.com,true,,false,,Shakira,Pacocha,$2b$10$t6EI7xf31.BhYVrb0vR/kO9Lxqf.b8fPqz4cDrQFyC1F0Syntus0K,{},{},"{""theme"":""light"",""onboarding_done"":true}",2024-09-17T18:54:00.687Z,false
kh_0f8eeeffbec9ff8cabe69f7e,burnice.gusikowski32@example.com,true,+17785550101,true,,Burnice,Gusikowski,$2b$10$E.i1UzmPQokNMfDtKJ1AhufraolDAmNCLQYHZ6ldPdHRbyJr/pJ/6,{},"{""stripe_customer_id"":""cus_wo3IlHJQ4H9dlB"",""signup_source"":""referral""}",{},2021-01-28T10:06:34.345Z,false
kh_4b5a00bdb5dfdef882eda70d,douglas.bayer33@example.com,true,,false,,,,$2b$10$6qSxOMMmq.fifnczKJeDBOUsSCILq7XWdVzDB65q02FVr96.cP5pK,{},{},{},2021-04-27T06:15:33.617Z,false
kh_a65acfbfd27b5b924fd25dbd,,false,,false,amber_pollich28,Amber,Pollich,$2b$10$zq0UBe/V/SV8S4og00VfE.5bKRDzoWLAzr.oJEhTExhzf08vIJKbq,"{""plan"":""free""}",{},"{""theme"":""dark""}",2023-01-21T20:48:18.930Z,false
kh_bc3fad1e4eed01cc3b0c1bde,tania.gleichner35@example.com,true,,false,,,,$2b$10$YZ8CX3CCk3pmE8RbmWHH9uYhBTAjZfvQO.hozpIJq9rS1JHh/htPi,{},{},"{""theme"":""dark"",""onboarding_done"":true}",2023-01-02T04:06:36.716Z,false
kh_ec2dd0f1f18ebed599ee09fa,elmira.muller36@example.com,true,,false,,,,$2b$10$lu5lcbxTbkQ/uQnE2aXnQOV8HhRtW.YcgYPHzfsjiXYNBVjJUWtm.,"{""plan"":""free""}","{""stripe_customer_id"":""cus_ye82tWkJFnFCr0""}","{""theme"":""light"",""onboarding_done"":false}",2025-06-30T03:56:51.125Z,false
kh_d3f7e48bdd4a25d1aaaa5f21,noemy.schaefer37@example.com,true,+15145550101,true,noemy.schaefer9,Noemy,Schaefer,$2b$10$fa/CMOkGtA2YDkL2Cvfo4.mZLk1b5JEvBfCxlCdtZnW5aNRSqEh7i,"{""plan"":""pro""}","{""stripe_customer_id"":""cus_NmVy47Yd03ken9"",""signup_source"":""google_ads""}","{""theme"":""dark"",""onboarding_done"":true}",2021-07-14T12:09:13.431Z,false
kh_a2bf7dd40f7ece4ddb1ff63f,nadine.bosco38@example.com,true,,false,,,,,{},"{""stripe_customer_id"":""cus_nHHPlKKgMVVRcw""}","{""theme"":""system"",""onboarding_done"":true}",2021-10-18T17:27:40.356Z,false
kh_4142feca042cacfecefd1c6b,lempi.nicolas39@example.com,true,,false,lempi_nicolas,Lempi,,$2b$10$mn8BuQFnMXoPCcHYOE4JleVH4Rt6T3ri01Ry7FXAsfteWzFqZvICi,"{""plan"":""pro""}","{""stripe_customer_id"":""cus_9j7g98uApxsP5V""}","{""theme"":""system"",""onboarding_done"":false}",2023-04-16T05:40:16.760Z,false
kh_8ba4a1e8906b12f490bdf86c,calista.romaguera40@example.com,true,+14385550101,true,calista_romaguera23,Calista,Romaguera,$2b$10$pOGXh31nmHsEEjfoJQKHEugwCKz/GSN7EUDxUiGy2UYdXWF.v8.ju,"{""plan"":""pro""}","{""stripe_customer_id"":""cus_yCqa76V6vHwfAz"",""signup_source"":""google_ads""}","{""theme"":""dark"",""onboarding_done"":true}",2021-10-07T14:42:32.654Z,false
kh_4d379d5caa51d398ad330d4f,,false,+12125550101,true,,Jayme,Nader,,"{""plan"":""team"",""role"":""member""}","{""stripe_customer_id"":""cus_wt2M0BaAztMG7r"",""signup_source"":""google_ads""}","{""theme"":""dark"",""onboarding_done"":true}",2025-09-10T16:59:05.207Z,false
kh_2dbcadbcd0beb0ecafcbb34e,,false,+16465550101,true,,Kasey,Farrell,,"{""plan"":""pro"",""role"":""viewer""}",{},{},2023-12-19T01:12:35.203Z,false
kh_cbebb1c2c8bcd33bd7a93de5,joanny.schroeder43@example.com,true,,false,joanny_schroeder,Joanny,,,{},"{""stripe_customer_id"":""cus_fSIxOYbOGG2E7K""}","{""theme"":""dark"",""onboarding_done"":false}",2025-04-24T21:04:14.243Z,false
kh_9a5aebe81def7ae677b37d85,lilliana.swaniawski44@example.com,true,,false,lilliana_swaniawski20,Lilliana,Swaniawski,$2b$10$OWJitF1GMFwau6guFltEROcyMWZaQZ/Ru9ipCykH1ruxrPi4EJXfa,"{""plan"":""team""}",{},{},2021-08-03T19:20:27.484Z,false
kh_55aefa83c5aefde8e2a38ee8,samson.schiller45@example.com,true,,false,,,,$2b$10$eOw28p463Aw1z1/mm3pkTeTlHq5XoqB1rXPMgyuL3Z6Z3Bnilt0aq,{},"{""stripe_customer_id"":""cus_UmpW3VdSaLU3Tq""}","{""theme"":""system"",""onboarding_done"":true}",2022-01-25T21:25:41.980Z,false
kh_1f45caccb1c683ecb97cbea7,jesus.roob46@example.com,true,,false,,,,$2b$10$bYkDx3fVwDOEE9pDNgx78OxXKW9bk.5R0l5crMImcQV8GT.52inSW,{},"{""stripe_customer_id"":""cus_V3qBc6RaHGW8HW"",""signup_source"":""referral""}","{""theme"":""light"",""onboarding_done"":true}",2022-11-25T08:41:50.806Z,false
kh_b82c3d19f3c9eed5b00cc51b,ludwig.mraz47@example.com,true,,false,,Ludwig,Mraz,,"{""plan"":""free""}",{},{},2023-02-17T01:41:47.460Z,false
kh_1befaedd7fdff4ab1e548fa6,thelma.schowalter48@example.com,true,,false,,Thelma,,$2b$10$5ubTuCPWwRIaxvxaSGeZgeD87XLVmsOiYV0b1T71BK0o67IuT.r66,{},{},"{""theme"":""dark""}",2025-07-05T22:25:53.680Z,false
kh_4bce8f7a8ecbe04910afb947,sonja.denesik49@example.com,true,,false,,,,$2b$10$wjfWqhvHRUdToX27c4kYbOxd8bA6tZxny/u8lecFId6TTfIyRyLQm,{},"{""stripe_customer_id"":""cus_7pboF6aRJgDw0i""}",{},2025-07-05T17:10:18.540Z,false
kh_d3d6da83cc5d0c9830add985,fannie.daugherty50@example.com,true,,false,,Fannie,Daugherty,,{},"{""stripe_customer_id"":""cus_REW6SaClNtvL6W""}","{""theme"":""light"",""onboarding_done"":false}",2025-06-04T12:38:21.912Z,false
