uid,contacts,nick,name,secret,st,props,ctime
70000,email:daphne.treutel1@example.com:1,daphne_treutel,Daphne Treutel,,A,ref=organic,1700924397
70011,email:sandra.lowe2@example.com:1,,,,A,plan=corp,1683560553
70022,email:sarai.oreillyemard3@example.com:1,,,$2a$10$4snbhmICRDcn5s1Tihcave7pJ7PAs8PAQmIkrQjRQanKzoigJfu0i,S,plan=corp&lang=en,1779154918
70033,tel:00447814400660:1,,Emery Fahey,,A,plan=corp&lang=es&ref=ads,1733437719
70044,email:haylee.prohaska5@example.com:1,,Haylee Prohaska,,A,ref=organic&acct_note=utrum+conscendo+harum+talio,1612593157
70055,email:evelyn.fahey6@example.com:0|tel:004915140928514:1,,Evelyn Fahey,{SSHA}6vSswv/V1l+Vf4Jfq6vsH/KcPfTaq4PhuXZQfA==,A,,1741875452
70066,email:hank.frami7@example.com:1,,,$2a$10$VQbkbLgwtqrHA/cncdNQn.RMYQJ82HfI7JaPJTRoaQ5KgLt5DJn/.,S,plan=corp,1672765247
70077,email:ignatius.orn8@example.com:1,ignatius.orn,Ignatius Orn,$6$2eZmheiBsMbI74RV$Oh9U0o0g1uVEgk2ICSRfP0o3InAvZWTK2VsNCLuGzMJ9eNFXoLGGzFAByKDWt59gKO5GcYHJhdVSdDP6dS50T9,A,,1717064928
70088,email:deshaun.emard9@example.com:1|tel:+33628775843:1,,Deshaun Emard,$2a$10$CWzysP4bLbElo6sfZnsMXO55/hHHiTr2zpnuTMoWAGslLwvwdjqvu,A,ref=partner&acct_note=adsuesco+solvo+carcer+curis,1749433015
70099,tel:0034644551346:1,,Marguerite Stamm,$2a$10$UhYy6vgAVxrQvZPo9GsEMOXcJpvyHsZ47ehi7IaDtOzt1xiS4j1kG,A,plan=corp&lang=es&ref=organic,1771693699
70110,email:norberto.farrell11@example.com:1|tel:+393506414091:0,,Norberto Farrell,{SSHA}/BjfzaDv5EpFCiyyOfjPmnCmUYLeFax+Bs/N3Q==,A,,1782486098
70121,email:yessenia.price12@example.com:1,,Yessenia Price,$2a$10$jTFJsGBBOWURyQRwUTAM9uvZ7kw/CoAFgeIldLBgUX66aEhCbU.4m,S,plan=team&lang=es,1733512569
70132,email:norbert.schinner13@example.com:1,,Norbert Schinner,$6$yZHCfrWTRR3ZyAhG$MtYq0n5h7EIiEKvnlcpqsOSCkzrQjcEgYn5feceGYgGJ3GNVQhjBH97ozaF4YhkU9rgkXa0P3PIyzOqdqxp2Al,A,ref=organic,1677260637
70143,email:gage.schamberger14@example.com:0|tel:0031689417082:1,,Gage Schamberger,$2a$10$4Ytj4otCvQ2s3eGpKIzS4OXYTpfy5H22d6PUJQEJb/e6nbBLWr/Fi,A,plan=team&lang=en&ref=partner,1765618825
70154,email:frida.kunze15@example.com:1,,,,A,,1672922857
70165,tel:0046766581929:1,,Bartholome Turcotte,$2a$10$oPrsA.83fawZchyyhW3mluJvMIeSU2hAzTsfNnQBHty3L3zHGkmVS,A,plan=team&ref=organic,1651619535
70176,email:sincere.dooley17@example.com:1|tel:+353853117530:1,,Sincere Dooley,{SSHA}euzUSCkl/z+FST+L5AWfZbMceBBWwp3G33af6g==,A,plan=corp&ref=ads,1639343368
70187,email:damion.wilkinson18@example.com:0|tel:0014165550106:1,,,$2a$10$7Kz9nqDZJzAqZa5fo6d4t.lAH12wJ1MytjYJPxTvS66ntrCpmNUv.,A,ref=ads,1755994822
70198,email:matilda.larkin19@example.com:1,,Matilda Larkin,,A,,1610486087
70209,email:corene.kunze20@example.com:1,corene.kunze,Corene Kunze,$6$2m0suhgjnjKQlSMW$guUH8d6ZxX1baXdy5CAeZYuLyNU2Omr6BDvfONaw8bY4Lb91ariSSDgSd41OGMH3Peoff46Q2UVaBkHVRLrHxt,A,plan=solo,1646259589
70220,email:edgardo.ratke21@example.com:1,,,$2a$10$j5p2YH7jUFwiCQBtDEz9Nuu8GEqdBqyUnnCIWBxgwyEPFWig2WDru,A,plan=solo&lang=en&ref=ads&acct_note=cumque+sulum+tabella+ustulo,1695191263
70231,tel:0016475550106:1,,,,A,plan=team&lang=en&ref=organic&acct_note=tabgo+taedium+turba+trans,1629772115
70242,email:fletcher.rogahn23@example.com:1,,,$2a$10$jjTg7Wmdp648gHNXPglpV.Sz6TPkOLh5SHMBBlVscR2Q2Cj5SesY.,A,plan=team&lang=en&ref=partner,1666531465
70253,email:demetris.konopelski24@example.com:1,,,{SSHA}xrhWCiXQ1OLpz0N8Vlr4MmLX5e15LtENy6k7cQ==,A,plan=solo&ref=partner,1666587499
70264,email:gabriella.hudson25@example.com:1,,,$2a$10$ak9yNv9Yu7wX/fyUD6052.nxuGkyTJAqsgO/Bgr7bEj2lvGEeNUPq,A,plan=solo,1751473164
70275,email:corine.abshire26@example.com:1,,,$6$648E1T5FmWS6kJzZ$ipgv8sb39qwUHn5HROtoY5ygcEb51KPIZZnmqUIY8GJppNtP8XKcSMbPn2kqfyUwNvEbiuWxjNicseuSzf9FuZ,A,plan=solo&lang=es&ref=partner&acct_note=voluptatum+absque+curis+thermae,1696797976
70286,email:lillian.hegmann27@example.com:1,lillian_hegmann,Lillian Hegmann,$2a$10$bIXIFUBuvOcT7Q72RCOEIuPD.AKAZqp.E6X6AmIOo9BGPv3zwLj2y,A,plan=corp,1766553745
70297,,nina_huels,Nina Huels,$2a$10$R8wDsEeFkJragJxxsm./U.HkLciYonWRoIf3EGZy/INFw4hP.UJpy,A,plan=team,1679295384
70308,email:alysa.oconnell29@example.com:1,alysa.oconnell78,Alysa O'Connell,{SSHA}LFaImaA/Cso39iO6WIKigJXyAEz/DbqdzacH6A==,A,ref=organic&acct_note=somniculosus+copia+complectus+quia,1647615319
70319,email:devante.gutmann30@example.com:1,,Devante Gutmann,,A,,1700017315
70330,tel:+14375550106:1,,Valerie Zieme,$2a$10$SVYsGTRZDczOqclgRHKGI.nDDp6iZF29/bnbm4INoIA/il58NyKxS,A,plan=team,1714723040
70341,email:jacky.kirlin32@example.com:1|tel:0019055550106:1,,,$6$uCWQNTnq8MLza1lO$U1n2ZQw2pv6NlQEyWCStp1BhwwxjKLcTVOmqIKuzs4MDR3tk3FmdvfMARbHi9qXyOcgMmuG8WybGDXwNjoOtSw,A,plan=solo&lang=en,1675014109
70352,email:nellie.jast33@example.com:1|tel:+16045550106:1,,,$2a$10$xz1.HFS0S9y7p0d0acY9V.7oVdikKOhAS90HeGguO0zwCnDN2VcpW,A,ref=ads,1644611223
70363,email:brisa.hammes34@example.com:1,,,$2a$10$1cYMVKox3NOACIWuZxUHoeteQYg70y2lczqUPXz5vmuCu36F7Ul2C,A,plan=solo&ref=organic,1725862017
70374,email:alana.jacobi35@example.com:1,,Alana Jacobi,{SSHA}bObxNUSnAkeRn3N91DbRx7K+YFOP68dmShYBdQ==,A,ref=ads,1677953448
70385,tel:0017785550106:1,,Jesus,$2a$10$ODz/f2ZtpcovgPwe0U6it.CgotQx9CLNllQQX9IvW6OveqNF2VjCK,A,plan=corp&ref=partner,1717776387
70396,,shyanne_funk,Shyanne Funk,$6$mt8zuCUfftHpaqdG$0aaGU2GpQWs8BwLd7krsquikVMGrrWvOQPyPPPTnVJPcX1zZorWN0OYTlyR0jUugkYmcZRQxSnvb3br8jQWART,A,,1691545145
70407,email:jake.schowalter38@example.com:1,,Jake,$2a$10$VBS9Er29aYJ1t.Wp7VLsX.vXL.ejiYaKD8OhcTDA10rcPYcxkgfya,A,,1635341272
70418,email:isabell.sporer39@example.com:1,,,,A,plan=corp&lang=en,1732877055
70429,email:athena.hodkiewicz40@example.com:1,,,$2a$10$32iWIqmAOeF9r63V21XLlOvCM5efc5nWAaML2X5oXEfBfKH5PZyW2,A,,1696007845
70440,email:margie.schiller41@example.com:1,margie_schiller89,Margie Schiller,{SSHA}hOqYbk4/R5ZKlOmDv/xUMVZ6rwcJaQ362loPpA==,A,plan=corp&lang=en,1767418128
70451,email:danny.mcdermott42@example.com:0|tel:0015145550106:1,,Danny McDermott,$2a$10$CT0BufRLVkRZUqFk2iyKY.8K6QSCblQz9pZqestRmV31I8sKYXerC,A,plan=solo&lang=es&ref=partner,1741549284
70462,email:donald.zulauf43@example.com:1,,,$6$gfJJKaNNwBuoYkDi$SynDYQoYI1eS69AUZV6Fvb4OZAWZJMVHN3h85LZkeJd7Ek0K2pl1DgucqJr2wNfVWss9WPv2X1wPyYw4ecoO5Q,X,plan=corp,1652016846
70473,email:mike.anderson44@example.com:1|tel:0014385550106:1,,,$2a$10$hqLuBOCsQPnYrzEU5MBeNeqlYnKe8jKF8kByms5c9bA/WyXVODYOq,A,,1779727446
70484,email:eulalia.bednar45@example.com:1,,,,A,plan=solo&ref=ads,1618414429
70495,email:garth.rodriguez46@example.com:1,,,$2a$10$plbVCKxnh56jVosWEu9SH...g4WxBA7GPrc7SSz2iWNEP6Gk84eCm,X,plan=team,1718552475
70506,tel:+12125550106:1,,,,A,,1770154416
70517,tel:0016465550106:1,,,,A,plan=solo&lang=es&ref=ads,1738563074
70528,,reuben_turner,Reuben Turner,{SSHA}gfysyFpiDKcn7+n9g5d/mgDvkv/DTFczvc6wuw==,A,plan=team&ref=partner,1659084242
70539,email:allen.monahan50@example.com:1,,Allen,,A,plan=corp,1626702447
