uid,primaryEmail,emailConfirmed,mobile,mobileConfirmed,handle,displayName,profile,internal,createdAt,status,otherEmails,credentials.algo,credentials.hash
d443a4ca-30a4-457c-9baf-14edb608cac8,bart.reichel1@example.com,true,,false,,,"{""timezone"":""Asia/Aqtobe"",""bio"":""caption supporter  🍡""}","{""crm_id"":""hs_78218""}",1681497608,suspended,,bcrypt,$2b$10$VxuHeQ7lJ5I/X.opabhvU.FO9pExck8bK/ogv5Qwiw/G8vgF7Aari
330d7278-6f2f-426b-8fe9-e208781cf5e1,lane.beatty2@example.com,true,,false,,Lane Beatty,"{""timezone"":""Asia/Bahrain"",""bio"":""couch devotee, filmmaker""}","{""crm_id"":""hs_82838"",""lifetime_value"":325}",1743412658,active,,,
9c86fc1a-ad00-4cea-8062-a147355eb700,nicola.blick3@example.com,true,,false,,,,"{""crm_id"":""hs_50911"",""lifetime_value"":2411}",1691152020,active,,,
eaa98ffa-eae1-40ab-8530-2b12085ac795,marilyn.wuckert4@example.com,true,,false,,Marilyn Wuckert,,,1680935626,suspended,,bcrypt,$2b$10$L92i.FPlbTjuv84Vj7RKtudZ.JKF2hYNfoGKQCAk3aWB4P34ZzHIW
676a3b5b-e5e2-47c0-acc2-3835fe3be9dc,felicita.bashirian5@example.com,true,+44 7206 576422,true,,Felicita Bashirian,"{""timezone"":""Asia/Samarkand""}","{""crm_id"":""hs_48867""}",1615236251,active,,bcrypt,$2b$10$xgrtE89OQit.CjL26k/JpeX7pXgoNwKtJrOqMHNqP6sQdVxmhdlAG
72b4b726-ed7c-45eb-bc4d-61a3c07e9bf7,,false,,false,olivia_auer76,Olivia Auer,,,1751763085,active,,bcrypt,$2b$10$sRdYUiztvLLBvcgPcgkfse5Y0Q7i2ZduPBuqC1UaMSeBg3aTiKVAu
332ac93a-13c6-4b73-8a4b-b9df473f60e8,nils.veum7@example.com,true,+49 1515 7715650,false,nils_veum0,Nils,,"{""crm_id"":""hs_16440"",""lifetime_value"":146}",1638327706,active,,argon2id,"$argon2id$v=19$m=65536,t=2,p=1$uMOSa02yn8VHJx1QvfV67kdkHTyMCoY5r7juMEuaiXs$4X55bPER6oAQUroZS7a8QjbbjLtgLOfcT+S8HsUqM08"
98fe291b-907d-4792-ae79-c2b05a2352f3,jess.osinski8@example.com,true,+33 6 85 75 41 95,true,,,"{""timezone"":""Africa/Kinshasa""}",,1700774170,active,,bcrypt,$2b$10$8nTAfM5s3zOe4PIUg528i.rq9rZi2.7mA4GIs2XmBXZf9PHhq0wMu
de27342f-f93b-4b61-bdce-af77a68ccba1,,false,+34 612 41 43 17,true,,Daron Huels,,"{""crm_id"":""hs_23869"",""lifetime_value"":1076}",1726085151,active,,bcrypt,$2b$10$a6YHBAifjwr81E1tE3E8Xe1eS.484CgAor/P99MABWDKvW9tU3YRa
b7cc3175-a48d-4dbf-b976-aaf6a056669c,ubaldo.waelchi10@example.com,false,+39 350 108 8154,true,ubaldo.waelchi,Ubaldo Waelchi,"{""timezone"":""Australia/Melbourne"",""avatar_color"":""#e1b959""}",,1769024753,active,,bcrypt,$2b$10$62sVgE9/s6ZyLBqXJJpPxe7iK0TERJuLi6rcjFVfvbazifcOH4leC
99e26aa0-c1ae-4f93-898a-47b25b6bbc3c,,false,,false,brett_wilderman84,Brett,"{""timezone"":""America/Chihuahua"",""avatar_color"":""#b7cda2"",""bio"":""grad, veteran, teacher 🍀""}","{""crm_id"":""hs_64613""}",1754107924,active,,bcrypt,$2b$10$YA1dwhqeMAykYJZdX1Ms7.J2eF/IkKzh/7NApk5zrzfRIwX5bNFT.
3f361f21-e3b6-4c06-991e-aaf585e51b92,kareem.langosh12@example.com,true,+31 6 59499460,true,,,"{""timezone"":""America/Yellowknife"",""bio"":""fisherman supporter  🎚️""}","{""crm_id"":""hs_90271""}",1665890954,active,,argon2id,"$argon2id$v=19$m=65536,t=2,p=1$xxWLnc6E8PkpXlWNaHD5xLEhAumZjTnW9zH1mObLJbs$S91Y9DjIaxHRveP4LwY4eP0w1sxe6QwjvGUgFSEUTRc"
c413235e-94ed-4b0c-acab-144f1a01e1ac,carol.mohrerdman13@example.com,true,+46 76 196 91 14,true,carol_mohrerdman45,Carol,,,1705192305,active,,bcrypt,$2b$10$0/cODDdbKm1RXr.IKalgAuZjKwy2WiUDye7riNvv5k3ap5hyPARQ2
28b4dd04-7c26-4369-893b-5f746ac8af20,filomena.stiedemann14@example.com,true,,false,,,"{""timezone"":""Australia/Melbourne"",""avatar_color"":""#9bb0ed""}",,1645290119,suspended,,bcrypt,$2b$10$EWn/d.lrsIc8.vvYvRJw3e1USjEpksT76Rjfr7w7HZmevWQmSBjBi
5f2688cc-e49f-4020-8704-63bb402d097a,miguel.kuhlman15@example.com,true,,false,,,"{""timezone"":""America/Tegucigalpa"",""bio"":""environmentalist, traveler, creator""}",,1652570941,active,,,
f3c514ba-0a36-4062-a49f-27a05c2c8f47,,false,+353 87 258 1923,true,,Quentin McClure,,,1626998773,active,,bcrypt,$2b$10$ZmOhARKY9MO/WKv2zepGa.T/.Lvhopls3mxXkxasznxGNrxuQGo5u
999d76b2-bbb0-4408-81b8-8753fe45726d,dahlia.hermann17@example.com,true,,false,dahlia.hermann79,Dahlia Hermann,"{""timezone"":""Asia/Novosibirsk"",""bio"":""produce devotee, person 🇰🇪""}",,1750377187,active,,bcrypt,$2b$10$ZQCuT7ICoHBXuvjsqgmFs..veVV/vYt87ch8PIHTh6WVQDPgAgIEO
804dac99-a665-48b2-b36c-c63b58d9e1d7,,false,+1 416 555 0102,true,,,,,1724373637,active,,,
79b6cceb-1762-452e-8ff8-d180e11d9b9e,,false,,false,frieda.johns33,Frieda Johns,,,1634686604,active,,argon2id,"$argon2id$v=19$m=65536,t=2,p=1$DB7kXgwJTVsMDZjACrWhZW7kJEWCx6r8zZR6vUXsuh4$+Z5X1ZYrz0V3x05lPqToXvTwj0S1r4Jm43wDonxjWiE"
2fc2c773-70f9-4dee-8059-19005ed8abf9,rosetta.price20@example.com,true,+1 647 555 0102,true,,Rosetta,,,1734160917,active,,bcrypt,$2b$10$ovgBkjTj.Va4CfjO1yqGj.HUhQUksrNLr7qQsyt9nDUNxkF10YTAi
dc4d4a9a-a2cf-4869-a630-6fbee3f4639e,,false,+1 437 555 0102,true,,Consuelo Weber,,"{""crm_id"":""hs_20138"",""lifetime_value"":2420}",1744328985,active,,bcrypt,$2b$10$Xq/bEnnPHfwzU/LSPSDTV.K34IRDVmOo6eO62g5AyCATjJts46reu
dddbcba4-b126-4f4b-b224-3178ee1aa6a8,jaeden.littel22@example.com,true,,false,,,,"{""crm_id"":""hs_31278""}",1732215741,active,,,
ed4b322f-616b-40fb-9226-fb046eaa5e91,elfrieda.monahan23@example.com,true,,false,elfrieda.monahan,Elfrieda,,"{""crm_id"":""hs_89696""}",1654424618,active,,bcrypt,$2b$10$ZBm1Gkce6dKceeNhI8IJPuiHgv02Bm9EhKYWkP6Pm91XW.ZHZsn.q
70bfc514-0282-4c57-8ae8-2e0dd155de71,tara.okeefe24@example.com,true,,false,,Tara O'Keefe,"{""timezone"":""Asia/Tokyo"",""avatar_color"":""#3a1fb3"",""bio"":""iridescence devotee""}","{""crm_id"":""hs_99894""}",1767760446,active,,,
52a953d0-7c2c-40e0-a9a1-35140fc90909,elliot.mohr25@example.com,true,,false,,,"{""timezone"":""America/Atikokan""}",,1648345012,active,elliot.mohr25.alt@example.org,bcrypt,$2b$10$bsLMil0NqOc3fEUH124cFuGlSG.CB/6g2Hi89nEW.XMp4g8alS1K2
19164c61-aa9c-4e4f-bf80-6af5e1f15744,brennan.jones26@example.com,true,,false,,,"{""timezone"":""Europe/Busingen""}",,1733872111,active,brennan.jones26.alt@example.org,argon2id,"$argon2id$v=19$m=65536,t=2,p=1$Hncuxe1qfkTHTJiCYUBlGgJRvcJHZLdMSwGMt+hns6Q$T6Ngpk9mivFIdrPw/ewOaDwfVra8hmYGgMmXn64Au0Y"
371a37dd-3640-48ab-b4ef-048fab329140,estell.witting27@example.com,true,,false,,,"{""timezone"":""Australia/Perth"",""bio"":""testimonial junkie, friend 🧪""}",,1619948505,active,estell.witting27.alt@example.org,bcrypt,$2b$10$gdTN6LXdrNofSkv/iDz6sOR/dE/4.KCmJmHaW5dv6M38VaTQseaQC
3ae617c8-2b13-4bee-836a-fe581048dbf3,bernardo.braun28@example.com,true,,false,,,,,1707716636,active,,bcrypt,$2b$10$XtuMrV9zkr7NHMGGkGsXnOydjgaXBJN9.gKndRjdjiuP3Ew3GN3Iq
4a142cff-8848-4c7b-b934-dcede291ba46,verona.flatley29@example.com,true,,false,verona_flatley20,Verona Flatley,,"{""crm_id"":""hs_56867"",""lifetime_value"":1992}",1698659515,active,,bcrypt,$2b$10$LSmQYzyj0a8SxRK7Twb6SeaivS7fMHLrfJ.jRdTJLRp/VR.c2I62C
4d6a0149-abaf-41f6-8307-0f76dd9a3334,lloyd.barton30@example.com,false,+1 905 555 0102,true,,Lloyd Barton,"{""timezone"":""Asia/Riyadh""}","{""crm_id"":""hs_42696""}",1749193281,active,,bcrypt,$2b$10$vja/n31r69gn2w2b8ZKiTOp5aBv7FobE0VquaJ.FT55zvWyffnr2C
353044a4-4dec-4fb2-b7b5-dbdddae11d26,,false,+1 604 555 0102,true,,,"{""timezone"":""Pacific/Wallis"",""avatar_color"":""#51d034"",""bio"":""dwell fan, person""}","{""crm_id"":""hs_54314""}",1728828084,active,,argon2id,"$argon2id$v=19$m=65536,t=2,p=1$r95oVskqMaefPH6+p7PfwJLSbpqwQN5e1E8khrYk15E$SFK2qpWe86xt9ySnNRFE4g6x/th4dDHvr1EPL1o3Lls"
0d9117d9-bb18-4d8e-a2ae-91c05d1d50a3,joany.beahan32@example.com,true,,false,joany_beahan,Joany Beahan,,"{""crm_id"":""hs_65843"",""lifetime_value"":2734}",1717140897,active,,bcrypt,$2b$10$KWbSJ64ZKP8RHPeD2mZHg.4Fs96GbJsx6KFGIA5u7AfDvUFVv4gaC
3cfc2f5a-5c23-49a8-9c82-d22b8933d1ba,seth.blanda33@example.com,true,,false,,Seth Blanda,,,1650135391,active,,bcrypt,$2b$10$eDRFBgTQ7HJGQCIO/Dbcye7LZQ7iu203.QzoiFoBXTO4DeKHlWG3y
e0b4263b-487f-40a3-8214-33de2d96fb68,jaron.swift34@example.com,true,,false,,,,,1648186174,active,,,
c693e711-b252-47c4-b6b4-9ec7674c4f87,layne.barrows35@example.com,true,,false,,,"{""timezone"":""Pacific/Guadalcanal"",""bio"":""environmentalist, film lover""}","{""crm_id"":""hs_37073"",""lifetime_value"":2815}",1750956704,active,,bcrypt,$2b$10$oG8tCXSnNIHgRzaQS8Agyu8FJaaMTzYWx27JfCANHGZ02Zj9n3mIy
68c1a13c-1a8b-4f99-864e-7ca95d2fad35,junius.bogisich36@example.com,true,,false,,Junius Bogisich,"{""timezone"":""Africa/Kampala"",""bio"":""middle junkie, student""}","{""crm_id"":""hs_14612"",""lifetime_value"":4350}",1762977118,active,,bcrypt,$2b$10$vMT/21JV/1ttzScytQEtye1o8KgICbrQ53Bam.vYQu8dqQf3QGIae
453d6e1c-7174-4361-9ff5-823696ce459d,,false,+1 778 555 0102,true,,Lucas Cartwright,"{""timezone"":""Indian/Antananarivo"",""bio"":""alb fan, model 👍""}",,1738515963,active,,,
26c8724a-2236-47a9-b8f3-6b6c2ec063e0,damien.bartell38@example.com,true,,false,,Damien,"{""timezone"":""Pacific/Tahiti"",""bio"":""peninsula junkie  🇵🇰""}","{""crm_id"":""hs_82701"",""lifetime_value"":2882}",1612449357,active,,,
b8bdca97-18b2-4dc4-ba99-69e5b6269121,alexanne.klein39@example.com,true,,false,,Alexanne Klein,"{""timezone"":""Europe/Tallinn""}","{""crm_id"":""hs_53894"",""lifetime_value"":1348}",1612467954,active,,argon2id,"$argon2id$v=19$m=65536,t=2,p=1$Ti6MHnru52M/sxboleGpTUJRVnfAzifBQ+gsiRlWSDo$iCGb4uxppYj8z/fIMp6XK6ciWtOGhKdzSCZJMtrKbZw"
f6f27dba-48b5-4793-905e-0b1576675b46,skylar.hyatt40@example.com,true,,false,,,"{""timezone"":""Pacific/Palau"",""avatar_color"":""#1b66e8""}","{""crm_id"":""hs_52969""}",1636476741,active,,,
a81ecad1-04af-4de1-bbbf-2a3f7febfaa0,carli.ankunding41@example.com,true,,false,carli_ankunding,Carli Ankunding,"{""timezone"":""Indian/Cocos""}","{""crm_id"":""hs_28833"",""lifetime_value"":302}",1707647344,active,,bcrypt,$2b$10$VM2fDQYZAe2IUSb2xUCXeeHUYWYTyewEAM2G7bry.D8qjfLgAdRG.
b4c5eca9-3626-439f-92f2-df2460cce30c,hershel.feil42@example.com,true,,false,,Hershel,"{""timezone"":""Africa/Luanda"",""avatar_color"":""#5cb1cd""}","{""crm_id"":""hs_11922"",""lifetime_value"":3386}",1662328043,active,,bcrypt,$2b$10$ERurWs0RAb9PHTfoFuMbe.0X7Zy6AO2n68Lo4AN.UHO41oU05s4rG
9e9556c6-1b7c-4504-ab6f-a63fc2dd27df,fernando.jones43@example.com,true,,false,,,,,1731503745,active,,bcrypt,$2b$10$ANZQx6GHtb/Dhkf8laTu.ewEmtmqQlnwJfQWP6xctWyM20F2fdjyC
b5d5a958-7782-4b3f-a053-308d75ce3c2f,alva.ohara44@example.com,true,,false,alva_ohara,Alva,"{""timezone"":""Pacific/Noumea"",""avatar_color"":""#72c2cb"",""bio"":""valuable junkie, model""}",,1611337766,active,,bcrypt,$2b$10$RlH0PlRglVEHNm/AIw.djeGPnJjxiHIaXfWqcCQgZCdzW57by8Ji2
82ab54c4-277e-4f39-9fc7-90588ed6c21e,payton.stracke45@example.com,true,,false,,,,,1672745690,active,,argon2id,"$argon2id$v=19$m=65536,t=2,p=1$r55WjArgiJSZKFwcejMg+pukNK+C/3gO7vQAN9L9ixg$stck1MT1llvSM0DEQ18pe/P/qpUI6u5EAIOAacVnOVc"
77329ccc-d8bd-4b16-aa5a-641576d136f0,giovanni.hermandamore46@example.com,false,+1 514 555 0102,true,giovanni.hermandamore,Giovanni,,"{""crm_id"":""hs_45544""}",1656843538,active,,bcrypt,$2b$10$vCp.tvS5PWrYKQAvMYX2W.fQVdXiLSOJMP.rNVhh8cxFQ6wJ5th5i
2240f85e-7ddf-47da-8df5-8844e286358d,,false,+1 438 555 0102,true,,Evan Reilly,,"{""crm_id"":""hs_28028""}",1695142983,active,,,
6a07ef8e-8f8d-4554-bc50-a673b490a557,,false,+1 212 555 0102,true,,Chance Murphy,,"{""crm_id"":""hs_42977""}",1770018740,active,,,
0cb76960-0509-4535-82f4-7b7bad549e4b,burnice.lang49@example.com,true,,false,,Burnice Lang,"{""timezone"":""Atlantic/Cape_Verde"",""avatar_color"":""#fbf1ec"",""bio"":""fedora fan""}","{""crm_id"":""hs_78961"",""lifetime_value"":1771}",1731236143,active,,bcrypt,$2b$10$rsPencarUzf4iKWR4FgtTuzyCEInesnTEe4GcWLu4DvzD.vHTSJY.
238fbc24-ef51-4ddf-bfdf-b83a4eda3a5f,eldridge.willms50@example.com,false,+1 646 555 0102,true,,,,,1696385907,active,,bcrypt,$2b$10$xSufwgp.eMqTXEKd8UoTXeVKPR0mlau06Q6n7F0JkpTJx1hihx52q
